store_name,first_seen_ym,created_at
椿屋カフェ北千住マルイ店,2024/01,2025-08-18T06:22:45.898546
南部家敷八橋店,2024/01,2025-08-18T06:22:45.904845
大重亭SHOKUDO,2024/01,2025-08-18T06:22:45.910295
炭火焼肉屋さかい 岩出店,2024/01,2025-08-18T06:22:45.914470
徳寿平岡店,2024/01,2025-08-18T06:22:45.919029
BOSTONSCAFE石窯ダイニング古河店,2024/01,2025-08-18T06:22:45.922815
炭火焼肉屋さかい御坊店,2024/01,2025-08-18T06:22:45.927114
炭火焼肉屋さかい田辺店,2024/01,2025-08-18T06:22:45.931494
イルキャンティビーチェ,2024/01,2025-08-18T06:22:45.935236
炭火焼肉屋さかい新宮店,2024/01,2025-08-18T06:22:45.939095
ツーリストジャパン近江八幡店,2024/01,2025-08-18T06:22:45.942847
マショマショマショチキン葛西店,2024/01,2025-08-18T06:22:45.946560
大戸屋ごはん処ベルモール宇都宮店,2024/01,2025-08-18T06:22:45.951366
日本旅行TIS富山支店,2024/01,2025-08-18T06:22:45.955631
江ざわ,2024/01,2025-08-18T06:22:45.960106
活魚寿司鶴原店,2024/01,2025-08-18T06:22:45.964970
日本旅行TIS金沢支店,2024/01,2025-08-18T06:22:45.970418
地元のお寿司屋さん黒潮,2024/01,2025-08-18T06:22:45.974537
欧風食堂バンデミュール,2024/01,2025-08-18T06:22:45.979679
麺場田所商店 千葉北店,2024/01,2025-08-18T06:22:45.984355
いずみ食堂,2024/01,2025-08-18T06:22:45.989635
河童ラーメン本舗和泉店,2024/01,2025-08-18T06:22:45.994812
恭楽亭,2024/01,2025-08-18T06:22:45.999215
カルビ屋三夢松本村井店,2024/01,2025-08-18T06:22:46.003707
京都北白川ラーメン魁力屋瑞穂,2024/01,2025-08-18T06:22:46.010811
めん房本陣高柳店,2024/01,2025-08-18T06:22:46.016672
日本旅行TIS大阪支店,2024/01,2025-08-18T06:22:46.021937
肉米雄一飯店,2024/01,2025-08-18T06:22:46.026618
河童ラーメン本舗泉佐野店,2024/01,2025-08-18T06:22:46.031286
廻る寿し祭り応神店,2024/01,2025-08-18T06:22:46.036812
江戸蕎麦にのの,2024/01,2025-08-18T06:22:46.041013
河童ラーメン本舗香芝店,2024/01,2025-08-18T06:22:46.045210
湘南パンケーキ所沢店,2024/01,2025-08-18T06:28:07.611041
医療法人社団三紀会木下病院,2024/01,2025-08-18T06:28:07.619501
大戸屋ごはん処ベルモール宇都宮,2024/01,2025-08-18T06:28:07.624544
NONS丸井錦糸町店,2024/01,2025-08-18T06:28:07.630802
元祖あんこう鍋山翠,2024/01,2025-08-18T06:28:07.636046
廻鮮寿司吉恒,2024/01,2025-08-18T06:28:07.641280
ラーメン専家羅妃焚江別店,2024/01,2025-08-18T06:28:07.646425
ラーメン専家羅妃焚イオン平岡,2024/01,2025-08-18T06:28:07.650910
中華そば芯せかい本店,2024/01,2025-08-18T06:28:07.655487
芯せかいエミフルMASAKI店,2024/01,2025-08-18T06:28:07.659967
じゅうじゅうカルビ綱島店,2024/01,2025-08-18T06:28:07.664358
ロイヤルホスト府中東店,2024/01,2025-08-18T06:28:07.668718
ドウトンボリミツルホンテン,2024/01,2025-08-18T06:28:07.672634
夜パフェ専門店パフェテイアベル,2024/01,2025-08-18T06:28:07.677016
鎌倉パスタ京都伏見店,2024/01,2025-08-18T06:28:07.681648
鎌倉パスタなかもず店,2024/01,2025-08-18T06:28:07.685937
焼肉きんぐ豊山店,2024/01,2025-08-18T06:28:07.690121
焼肉おもに亭ララテラス南千住店,2024/01,2025-08-18T06:28:07.694335
来来亭山口湯田店,2024/01,2025-08-18T06:28:07.698363
鎌倉パスタイオンモール伊丹店,2024/01,2025-08-18T06:28:07.702902
世界の山ちゃん女子大店,2024/01,2025-08-18T06:28:07.708252
濱かつみらい長崎店,2024/01,2025-08-18T06:28:07.715745
回転寿司喜楽高槻大蔵司店,2024/01,2025-08-18T06:28:07.720161
回転寿司喜楽高槻岡本店,2024/01,2025-08-18T06:28:07.724298
回転寿司喜楽一文橋店,2024/01,2025-08-18T06:28:07.728958
GGC前橋小相木店,2024/01,2025-08-18T06:28:07.734174
グルメ回転寿司ABURI百貫,2024/01,2025-08-18T06:28:07.738960
すしえもんBRANCH博多パピヨ,2024/01,2025-08-18T06:28:07.746815
鎌倉パスタ名古屋パルコ店,2024/01,2025-08-18T06:28:07.753205
サルーン,2024/01,2025-08-18T06:28:07.757690
焼肉仔虎エスパル仙台店,2024/01,2025-08-18T06:28:07.765071
石焼ステーキ贅石川小松店,2024/02,2025-08-18T06:28:50.873102
大衆焼肉みんなのにしき,2024/02,2025-08-18T06:28:50.880444
丸源ラーメン岸和田八阪店,2024/02,2025-08-18T06:28:50.885405
海人料理海邦丸,2024/02,2025-08-18T06:28:50.890746
麺場田所商店イオンモール岡崎店,2024/02,2025-08-18T06:28:50.895582
でりかおんどる新大久保本店,2024/02,2025-08-18T06:28:50.900440
麺場田所商店堺鳳店,2024/02,2025-08-18T06:28:50.905347
石焼ステーキ贅富山高岡店,2024/02,2025-08-18T06:28:50.909717
麺場田所商店大東店,2024/02,2025-08-18T06:28:50.914098
スパゲッ亭チャオ本店,2024/02,2025-08-18T06:28:50.918476
餃子の王将池袋東口店,2024/02,2025-08-18T06:28:50.922682
プレミアムカルビ湘南台店,2024/02,2025-08-18T06:28:50.927146
大地のぶた宇都宮店,2024/02,2025-08-18T06:28:50.931403
餃子の王将羽村小作坂上店,2024/02,2025-08-18T06:28:50.937202
ぽるしぇ本店,2024/02,2025-08-18T06:28:50.941581
レストラン倉井,2024/02,2025-08-18T06:28:50.946028
麺場田所商店福山神辺店,2024/02,2025-08-18T06:28:50.950267
麺場田所商店本郷台店,2024/02,2025-08-18T06:28:50.956010
ゴルフプラザ伊奈,2024/02,2025-08-18T06:28:50.961146
田所商店多摩ニュータウン店,2024/02,2025-08-18T06:28:50.965736
スーパー回転寿司やまと木更津店,2024/02,2025-08-18T06:28:50.971254
