cleaned,normalized,field_name,created_at
(株)アールディーシー 熊谷支店 経営企画部 神辺,アールディーシー熊谷神辺,店舗名,2025-07-28T05:06:21.037469
(株)サルーン,サルーン,店舗名,2025-07-28T05:49:30.130506
8TH SEA OYSTER Bar & Grill,8TH SEA OYSTER BAR & GRILL,店舗名,2025-07-28T05:06:04.274687
8番らーめん 小松店,8番らーめん小松,店舗名,2025-07-28T05:04:35.040388
Boston’sCAFE石窯ダイニング古河店,ボストンズカフェ石窯ダイニング古河店,店舗名,2025-07-28T04:11:08.718834
ESPRESSO D WORKS 所沢店 様,エスプレッソディーワークス所沢,店舗名,2025-07-28T05:58:23.987966
GGC 前橋小相木店,GGC前橋小相木,店舗名,2025-07-28T05:49:27.560218
Manna 新宿中村店,MANNA新宿中村店,店舗名,2025-07-28T05:05:49.642466
NON-S丸井錦糸町店,ノンエスマルイ錦糸町店,店舗名,2025-07-28T05:49:12.699328
PRIMO ルミネエスト新宿店,PRIMO ルミネエスト新宿店,店舗名,2025-07-28T05:05:37.791967
Speedy Color 行田ドンキ店,スピーディーカラー行田ドンキ店,店舗名,2025-07-28T05:04:46.830638
WOODY,WOODY,店舗名,2025-07-28T05:05:47.890598
WOODY 様,WOODY,店舗名,2025-07-28T05:58:57.192965
We eat wheat,WEEATWHEAT,店舗名,2025-07-28T05:05:14.449928
eggg park,EGGGPARK,店舗名,2025-07-28T05:05:26.801439
eggg park 様,EGGGPARK,店舗名,2025-07-28T05:58:59.974857
iL CHIANTI CAFE 江の島,ilchianticafe江の島,店舗名,2025-07-28T05:05:39.779026
あみやき亭plus 大垣インター店,あみやき亭プラス大垣インター,店舗名,2025-07-28T05:05:04.598780
いずみ食堂,いずみ食堂,店舗名,2025-07-28T04:55:15.254845
いわ栄 中庄本店,いわ栄中庄本店,店舗名,2025-07-28T05:04:56.697532
うなぎ 傳米,うなぎ傳米,店舗名,2025-07-28T05:05:57.157161
うなぎ 林屋,うなぎ林屋,店舗名,2025-07-28T05:05:33.135165
うなぎ 林屋 様,うなぎ林屋,店舗名,2025-07-28T05:58:23.265512
かつくらくずはモール店様,かつくらくずはモール,店舗名,2025-07-28T05:02:01.424512
かみむら牧場 府中店,上村牧場府中,店舗名,2025-07-28T05:49:33.867826
がってんカルビ さいたま新中里店,がってんカルビさいたま新中里店,店舗名,2025-07-28T05:04:46.253681
くら寿司 世田谷馬事公苑店,くら寿司世田谷馬事公苑店,店舗名,2025-07-28T05:04:43.597428
くら寿司 今川店,くら寿司今川,店舗名,2025-07-28T05:05:00.079284
くら寿司 今川店 様,くら寿司今川店,店舗名,2025-07-28T05:58:27.445318
くら寿司 住之江北島店,くら寿司住之江北島店,店舗名,2025-07-28T05:06:09.443179
くら寿司 和歌山花山店,くら寿司和歌山花山店,店舗名,2025-07-28T05:05:18.143477
くら寿司 和歌山花山店 様,くら寿司和歌山花山店,店舗名,2025-07-28T05:58:31.639401
くら寿司 四日市店,くら寿司四日市店,店舗名,2025-07-28T05:05:01.287385
くら寿司 四日市店 様,くら寿司四日市店,店舗名,2025-07-28T05:58:26.502599
くら寿司 寝屋川店,くら寿司寝屋川店,店舗名,2025-07-28T05:05:23.052495
くら寿司 寝屋川店 様,くら寿司寝屋川店,店舗名,2025-07-28T05:58:45.601759
くら寿司 尼崎下坂部店,くら寿司尼崎下坂部店,店舗名,2025-07-28T05:05:18.685926
くら寿司 尼崎下坂部店 様,くら寿司尼崎下坂部店,店舗名,2025-07-28T05:59:02.041307
くら寿司 江南店,くら寿司江南店,店舗名,2025-07-28T05:04:44.028626
くら寿司 江坂店,くら寿司江坂店,店舗名,2025-07-28T05:05:17.660555
くら寿司 江坂店 様,くら寿司江坂店,店舗名,2025-07-28T05:58:41.560824
くら寿司 神戸有野店,くら寿司神戸有野店,店舗名,2025-07-28T05:05:16.914533
くら寿司 神戸有野店 様,くら寿司神戸有野店,店舗名,2025-07-28T05:58:41.077415
くら寿司 精華町店,くら寿司精華町店,店舗名,2025-07-28T05:05:00.577482
くら寿司 精華町店 様,くら寿司精華町店,店舗名,2025-07-28T05:58:27.890637
くら寿司 芥川店,くら寿司芥川店,店舗名,2025-07-28T05:05:16.259096
くら寿司 芥川店 様,くら寿司芥川店,店舗名,2025-07-28T05:58:40.515031
くら寿司 西大路七条店,くら寿司西大路七条店,店舗名,2025-07-28T05:05:25.717177
くら寿司 西大路七条店 様,くら寿司西大路七条店,店舗名,2025-07-28T05:58:47.857049
くら寿司 西宮今津店,くら寿司西宮今津店,店舗名,2025-07-28T05:05:27.991776
くら寿司 西陣店,くら寿司西陣店,店舗名,2025-07-28T05:06:08.456885
くら寿司 豊川インター店,くら寿司豊川インター店,店舗名,2025-07-28T05:06:09.927361
くら寿司アトレ大森店,くら寿司アトレ大森店,店舗名,2025-07-28T05:04:44.548939
くら寿司アトレ大森店 様,くら寿司アトレ大森店,店舗名,2025-07-28T05:58:26.934146
くら寿司イオン那覇店,くら寿司イオン那覇店,店舗名,2025-07-28T05:06:15.036366
くら寿司セブンタウン小豆沢店,くら寿司セブンタウン小豆沢店,店舗名,2025-07-28T05:04:48.394796
くら寿司函館東山店,くら寿司函館東山店,店舗名,2025-07-28T05:05:03.381690
くら寿司姶良店,くら寿司姶良店,店舗名,2025-07-28T05:05:27.402122
くら寿司小倉徳力店,くら寿司小倉徳力店,店舗名,2025-07-28T05:05:02.402791
くら寿司小倉徳力店 様,くら寿司小倉徳力店,店舗名,2025-07-28T05:58:28.389476
くら寿司岩倉店,くら寿司岩倉店,店舗名,2025-07-28T05:04:45.033754
くら寿司川越的場店,くら寿司川越的場店,店舗名,2025-07-28T05:05:57.635128
くら寿司松戸二十世紀が丘店,くら寿司松戸二十世紀が丘店,店舗名,2025-07-28T05:05:15.093235
くら寿司落合南長崎店,くら寿司落合南長崎店,店舗名,2025-07-28T05:06:06.552797
くら寿司静岡インター通り店,くら寿司静岡インター通り店,店舗名,2025-07-28T05:04:45.707631
ごはん屋 さくら 様,ごはん屋さくら,店舗名,2025-07-28T05:58:25.420407
しゃぶしゃぶ トンキュホテ,しゃぶしゃぶトンキュホテ,店舗名,2025-07-28T05:06:05.506569
しゃぶしゃぶブッフェしゃ,しゃぶしゃぶブッフェ,店舗名,2025-07-28T05:02:03.322063
しゃぶしゃぶブッフェしゃぶ葉 上福岡店,しゃぶしゃぶブッフェしゃぶ葉上福岡店,店舗名,2025-07-28T05:04:40.205015
じゅうじゅうカルビ 綱島店,じゅうじゅうカルビ綱島,店舗名,2025-07-28T05:49:17.018892
じゅうじゅうカルビ 長崎三芳店,じゅうじゅうカルビ長崎三芳店,店舗名,2025-07-28T05:04:37.235382
すしえもんBRANCH博多パピヨ,すしえもん博多パピヨ,店舗名,2025-07-28T05:49:28.667388
そば処 中野屋 湯沢本店,中野屋湯沢本店,店舗名,2025-07-28T05:05:33.590691
つばめグリル ホテルメッツ川崎店,つばめグリルホテルメッツ川崎店,店舗名,2025-07-28T05:04:55.673975
でりかおんどる 新大久保 2号店,でりかおんどる新大久保2号店,店舗名,2025-07-28T05:05:41.834155
でりかおんどる 新大久保 2号店 様,でりかおんどる新大久保2号店,店舗名,2025-07-28T05:58:54.776523
でりかおんどる 新大久保本店,でりかおんどる新大久保本店,店舗名,2025-07-28T05:05:41.344092
でりかおんどる 新大久保本店 様,でりかおんどる新大久保本店,店舗名,2025-07-28T05:58:54.150497
でりかおんどる新大久保本店,でりかおんどる新大久保本店,店舗名,2025-07-30T03:50:47.178984
とんかつKYK 京都ポルタ店,とんかつKYK 京都ポルタ店,店舗名,2025-07-28T05:06:16.301842
とんかつ水龍 寒川店,とんかつ水龍寒川店,店舗名,2025-07-28T05:06:15.796644
のうえんカフェ グリーンファーム館山店,農園カフェ グリーンファーム館山店,店舗名,2025-07-28T05:05:35.949810
のうえんカフェ グリーンファーム館山店 様,農園カフェ グリーンファーム館山店,店舗名,2025-07-28T05:58:52.567346
はまかつ 博多デイトス店,はまかつ博多デイトス店,店舗名,2025-07-28T05:04:43.063396
はまかつ 熊本新空港通り店,はまかつ熊本新空港通り店,店舗名,2025-07-28T05:04:33.257244
ぼて六甲店様分,ぼて六甲店,店舗名,2025-07-28T05:02:07.991230
ぽるしぇ本店,ぽるしぇ本店,店舗名,2025-07-30T03:50:54.217054
まつりや 十勝音更店,まつりや十勝音更店,店舗名,2025-07-28T05:04:36.077873
みやぎ ペリエ千葉店,宮城ペリエ千葉店,店舗名,2025-07-28T05:05:38.273309
めん房 本陣 高柳店,めん房本陣高柳店,店舗名,2025-07-28T05:06:01.972267
めん房本陣高柳店,めん房本陣高柳店,店舗名,2025-07-28T04:11:25.736491
もんじゃ・お好み焼き わいず 所沢店,もんじゃお好み焼きわいず所沢店,店舗名,2025-07-28T05:06:04.919296
やよい軒 銀座インズ店 様,やよい軒銀座インズ店,店舗名,2025-07-28T05:58:35.139136
ららぽーとEXPOCITYオペレーションセンター,ららぽーとEXPOCITYオペレーションセンター,店舗名,2025-07-28T05:04:38.593630
ららぽーと沼津,ららぽーと沼津店,店舗名,2025-07-28T05:04:49.922079
らーめん専家 羅妃焚 江別店,らーめん専家羅妃焚江別店,店舗名,2025-07-28T05:06:19.454720
アコーディア・ガーデン 茅ヶ崎 様,アコーディア・ガーデン茅ヶ崎,店舗名,2025-07-28T05:58:20.707406
アンパンマンヘアサロン仙台 様,アンパンマンヘアサロン仙台,店舗名,2025-07-28T05:59:03.208542
アンパンマンヘアサロン神戸 様,アンパンマンヘアサロン神戸,店舗名,2025-07-28T05:59:04.206774
イタリアンダイニングDONA 中野坂上店,イタリアンダイニングDONA中野坂上店,店舗名,2025-07-28T05:49:33.325385
イタリアンダイニングDONAビーンズ武蔵浦和店,イタリアンダイニングDONAビーンズ武蔵浦和店,店舗名,2025-07-28T05:04:47.332970
イルキャンティビーチェ,イルキャンティビーチェ,店舗名,2025-07-28T04:11:11.209420
カルビ屋三夢 中野店,カルビ屋三夢中野店,店舗名,2025-07-28T05:06:00.307407
カルビ屋三夢 中野店 様,カルビ屋三夢中野店,店舗名,2025-07-28T05:59:01.577827
カルビ屋三夢 松本村井店,カルビ屋三夢松本村井店,店舗名,2025-07-28T05:06:00.862075
カルビ屋三夢 稲田店,カルビ屋三夢稲田店,店舗名,2025-07-28T05:05:59.825892
カルビ屋三夢 稲田店 様,カルビ屋三夢稲田店,店舗名,2025-07-28T05:59:01.022987
カルビ屋三夢 諏訪店,カルビ屋三夢諏訪店,店舗名,2025-07-28T05:06:01.418066
カルビ屋三夢 諏訪店 様,カルビ屋三夢諏訪店,店舗名,2025-07-28T05:59:04.800090
カルビ屋三夢松本村井店,カルビ屋三夢松本村井店,店舗名,2025-07-28T04:55:16.610003
キッチン けなり,キッチンけなり,店舗名,2025-07-28T05:05:32.704405
ギグワークス,ギグワークス,店舗名,2025-07-28T05:06:22.308062
グリルキャンプ新潟店様分,グリルキャンプ新潟,店舗名,2025-07-28T05:02:13.415987
グルメ回転寿司ABURI百貫イオ,グルメ回転寿司ABURI百貫,店舗名,2025-07-28T05:49:28.205077
コキヤ 国際通り店 様,コキヤ国際通り店,店舗名,2025-07-28T05:58:17.409769
ゴルフプラザ伊奈,ゴルフプラザ伊奈,店舗名,2025-07-30T03:50:56.419249
サイゼリヤ イオンモール大曲店,サイゼリヤイオンモール大曲店,店舗名,2025-07-28T05:04:51.201943
サイゼリヤ 水沢あてるい店 様,サイゼリヤ水沢あてるい店,店舗名,2025-07-28T05:58:17.921986
ステーキのあさくま 春日井店,ステーキのあさくま春日井店,店舗名,2025-07-28T05:05:30.571660
ステーキのあさくま 春日井店 様,ステーキのあさくま春日井店,店舗名,2025-07-28T05:58:51.978156
ステーキランド神戸館様分,ステーキランド神戸館,店舗名,2025-07-28T05:02:12.886254
スパゲッ亭チャオ アピタ向山店,スパゲッ亭チャオアピタ向山店,店舗名,2025-07-28T05:04:53.771643
スパゲッ亭チャオ本店,スパゲッ亭チャオ本店,店舗名,2025-07-30T03:50:50.001976
スーパーカット立川南口店,スーパーカット立川南口店,店舗名,2025-07-28T05:04:39.589170
スーパー回転寿司やまと木更津店,スーパー回転寿司やまと木更津店,店舗名,2025-07-30T03:50:57.576589
ダイニング&バー 美味旬菜,ダイニング＆バー 美味旬菜,店舗名,2025-07-28T05:06:16.906608
ダッキーダック有楽町店,ダッキーダック有楽町店,店舗名,2025-07-28T05:04:36.679277
ダッキーダック池袋アルパ店,ダッキーダック池袋アルパ,店舗名,2025-07-28T05:02:17.433380
ダッキーダック船橋東武店,ダッキーダック船橋東武店,店舗名,2025-07-28T05:04:41.836548
ツーリストジャパン近江八幡店,ツーリストジャパン近江八幡店,店舗名,2025-07-28T04:55:11.502463
ハンバーグ オニオン 合川本店,ハンバーグオニオン合川店,店舗名,2025-07-28T05:06:10.558367
ハンバーグ オニオン 大和店,ハンバーグオニオン大和店,店舗名,2025-07-28T05:06:11.596991
ハンバーグ オニオン 鳥栖店,ハンバーグオニオン鳥栖店,店舗名,2025-07-28T05:06:11.083117
ヒロコーヒー箕面小野原店様分,ヒロコーヒー箕面小野原,店舗名,2025-07-28T05:02:16.316670
ビストロティガボンボン 池袋サンシャイン店,ビストロティガボンボン池袋サンシャイン店,店舗名,2025-07-28T05:04:37.910850
ブンゴヤ薬局 大道店,ブンゴヤ薬局大道店,店舗名,2025-07-28T05:05:21.262064
ブンゴヤ薬局 本店,ブンゴヤ薬局 本店,店舗名,2025-07-28T05:05:24.767264
ブンゴヤ薬局 駅南店,ブンゴヤ薬局駅南店,店舗名,2025-07-28T05:05:20.434363
プレミアムカルビ湘南台店,プレミアムカルビ湘南台店,店舗名,2025-07-30T03:50:51.648284
マショマショ&マショチキン葛西店,マショマシマショチキン葛西店,店舗名,2025-07-28T04:55:12.098910
マルサ水産 津島店,マルサ水産津島店,店舗名,2025-07-28T05:04:57.256388
マルサ水産 津島店 様,マルサ水産津島店,店舗名,2025-07-28T05:58:38.066564
ラーメン専家 羅妃焚 イオン平岡,ラーメン専家羅妃焚イオン平岡,店舗名,2025-07-28T05:49:15.929486
ラーメン専家 羅妃焚 江別店,ラーメン専家羅妃焚江別店,店舗名,2025-07-28T05:49:15.198609
レストラン倉井,レストラン倉井,店舗名,2025-07-30T03:50:54.713666
ロイヤルホスト 府中東店,ロイヤルホスト府中東店,店舗名,2025-07-28T05:49:17.479818
一般財団法人 大阪建築防災センター,大阪建築防災センター,店舗名,2025-07-28T05:05:22.042895
七輪炭火焼肉遊輪読売ラン,七輪炭火焼肉遊輪読売ラン,店舗名,2025-07-28T05:02:05.742259
世界の山ちゃん 女子大店,世界の山ちゃん女子大店,店舗名,2025-07-28T05:49:22.274896
中華そば 芯せかい エミフルMASAKI店,中華そば芯せかいエミフルMASAKI店,店舗名,2025-07-28T05:06:20.515631
中華そば 芯せかい 本店,中華そば芯せかい,店舗名,2025-07-28T05:06:19.992511
丸源ラーメン モラージュ菖蒲店,丸源ラーメンモラージュ菖蒲店,店舗名,2025-07-28T05:06:14.583424
丸源ラーメン 仙台泉店,丸源ラーメン仙台泉店,店舗名,2025-07-28T05:06:08.003899
丸源ラーメン 宇都宮御幸ヶ原店,丸源ラーメン宇都宮御幸ヶ原店,店舗名,2025-07-28T05:06:08.966011
丸源ラーメン 市川大野店,丸源ラーメン市川大野店,店舗名,2025-07-28T05:06:07.534673
丸源ラーメン 掛尾店,丸源ラーメン掛尾店,店舗名,2025-07-28T05:05:37.324563
丸源ラーメン 掛尾店 様,丸源ラーメン掛尾店,店舗名,2025-07-28T05:58:53.649337
丸源ラーメン 本郷台店,丸源ラーメン本郷台店,店舗名,2025-07-28T05:05:12.912406
丸源ラーメン 柏新富町店,丸源ラーメン柏新富町店,店舗名,2025-07-28T05:04:51.752093
丸源ラーメン 柏新富町店 様,丸源ラーメン柏新富町店,店舗名,2025-07-28T05:58:29.393218
丸源ラーメン 橿原店,丸源ラーメン橿原店,店舗名,2025-07-28T05:05:14.029741
丸源ラーメン 高松上天神店,丸源ラーメン高松上天神店,店舗名,2025-07-28T05:05:29.584252
丸源ラーメン一宮バイパス店,丸源ラーメン一宮バイパス店,店舗名,2025-07-28T05:02:15.132649
丸源ラーメン君津店様分,丸源ラーメン君津店,店舗名,2025-07-28T05:02:14.548391
丸源ラーメン小平店様分,丸源ラーメン小平店,店舗名,2025-07-28T05:02:13.836721
丸源ラーメン岸和田八阪店,丸源ラーメン岸和田八阪店,店舗名,2025-07-30T03:50:44.261313
丸源ラーメン所沢北野店様分,丸源ラーメン所沢北野店,店舗名,2025-07-28T05:02:12.395242
丸源ラーメン福山引野店様分,丸源ラーメン福山引野店,店舗名,2025-07-28T05:02:11.953909
丸源ラーメン練馬関町店様分,丸源ラーメン練馬関町店,店舗名,2025-07-28T05:02:08.519528
丸源ラーメン草加店様分,丸源ラーメン草加店,店舗名,2025-07-28T05:02:06.427981
丸源ラーメン豊田若林店様分,丸源ラーメン豊田若林店,店舗名,2025-07-28T05:02:04.508551
丸源ラーメン鹿児島新栄店様,丸源ラーメン鹿児島新栄店,店舗名,2025-07-28T05:02:02.829143
京都北白川ラーメン魁力屋 三鷹大沢店,京都北白川ラーメン魁力屋三鷹大沢店,店舗名,2025-07-28T05:05:52.134326
京都北白川ラーメン魁力屋 堀川五条店,京都北白川ラーメン魁力屋堀川五条店,店舗名,2025-07-28T05:05:52.807166
京都北白川ラーメン魁力屋 朝比奈店,京都北白川ラーメン魁力屋朝比奈店,店舗名,2025-07-28T05:05:54.020822
京都北白川ラーメン魁力屋 瑞穂店,京都北白川ラーメン魁力屋瑞穂店,店舗名,2025-07-28T05:05:55.632411
京都北白川ラーメン魁力屋 篠崎店,京都北白川ラーメン魁力屋篠崎店,店舗名,2025-07-28T05:05:53.359298
京都北白川ラーメン魁力屋 西大路西ノ京店,京都北白川ラーメン魁力屋西大路西ノ京店,店舗名,2025-07-28T05:05:51.474633
京都北白川ラーメン魁力屋 鴫野店,京都北白川ラーメン魁力屋鴫野店,店舗名,2025-07-28T05:05:56.360721
京都北白川ラーメン魁力屋瑞穂店,京都北白川ラーメン魁力屋瑞穂,店舗名,2025-07-28T04:11:38.912789
元祖あんこう鍋 山翠,山翠,店舗名,2025-07-28T05:49:13.091131
初花 本店,初花本店,店舗名,2025-07-28T05:04:40.752037
加東市役所税務課様分,加東市役所税務課,店舗名,2025-07-28T05:02:10.711805
医療法人社団 三紀会 木下病院,三紀会木下病院,店舗名,2025-07-28T05:49:11.365157
十勝豚丼いっぴん ステラプレイス店,十勝豚丼いっぴんステラプレイス店,店舗名,2025-07-28T05:05:50.610306
十勝豚丼いっぴん ステラプレイス店 様,十勝豚丼いっぴんステラプレイス店,店舗名,2025-07-28T05:59:02.608252
南大門 大館店,南大門大館店,店舗名,2025-07-28T05:04:31.615756
南房総やまと寿司 館山店本店,南房総やまと寿司 館山店,店舗名,2025-07-28T05:04:52.265458
南部家敷 八橋店,南部家敷八橋店,店舗名,2025-07-28T05:04:33.756684
南部家敷八橋店,南部家敷八橋店,店舗名,2025-07-28T04:55:08.437408
味楽亭,味楽亭,店舗名,2025-07-28T05:05:58.082828
味楽亭 様,味楽亭,店舗名,2025-07-28T05:59:03.649085
和ごはんとろろ屋二子玉,和ごはんとろろ屋二子玉,店舗名,2025-07-28T05:02:16.833227
和食麺処サガミ 津島埋田店,和食麺処サガミ津島埋田店,店舗名,2025-07-28T05:05:39.277926
回転寿司 喜楽 一文橋店,喜楽一文橋店,店舗名,2025-07-28T05:49:27.007631
回転寿司 喜楽 高槻大蔵司店,回転寿司喜楽高槻大蔵司店,店舗名,2025-07-28T05:49:26.028440
回転寿司 喜楽 高槻岡本店,回転寿司喜楽高槻岡本店,店舗名,2025-07-28T05:49:26.576260
回転寿司みさき(海鮮三崎港)新宿イースト,回転寿司みさき新宿イースト,店舗名,2025-07-28T05:04:41.306488
地元のお寿司屋さん 黒潮,地元のお寿司屋さん黒潮,店舗名,2025-07-28T05:49:30.764246
地元のお寿司屋さん黒潮,地元のお寿司屋さん黒潮 本店,店舗名,2025-07-28T04:11:17.521356
夜パフェ専門店パフェテイアベル,夜パフェ専門店パフェテイアベル,店舗名,2025-07-28T05:49:18.542059
大地のぶた宇都宮店,大地のぶた宇都宮店,店舗名,2025-07-30T03:50:52.299828
大戸屋ごはん処 ベルモール宇都宮,大戸屋宇都宮ベルモール,店舗名,2025-07-28T05:49:12.106447
大戸屋ごはん処ベルモール宇都宮店,大戸屋ごはん処ベルモール宇都宮店,店舗名,2025-07-28T04:55:12.915380
大衆焼肉みんなのにしき,大衆焼肉みんなのにしき,店舗名,2025-07-30T03:50:43.647884
大重亭SHOKUDO,大重亭SHOKUDO,店舗名,2025-07-28T04:11:05.657038
大阪市西淀川区役所 住民情報窓口 様,大阪市西淀川区役所住民情報窓口,店舗名,2025-07-28T05:58:16.910514
天ぷら海鮮 米福 京都木屋町店,天ぷら海鮮米福京都木屋町店,店舗名,2025-07-28T05:06:12.187259
天下一品 柏店,天下一品柏店,店舗名,2025-07-28T05:05:36.602888
天下一品 柏店 様,天下一品柏店,店舗名,2025-07-28T05:58:58.835736
天丼てんや 東松山店 様,天丼てんや東松山店,店舗名,2025-07-28T05:58:22.211010
奥出雲そば処 一福 松江テルサ店,奥出雲そば処一福松江テルサ店,店舗名,2025-07-28T05:05:31.631882
定越食堂,定越食堂,店舗名,2025-07-28T05:06:05.958381
家族亭ならファミリー店様分,家族亭ならファミリー店,店舗名,2025-07-28T05:02:01.907745
家族亭アリオ北砂店様分,家族亭アリオ北砂店,店舗名,2025-07-28T05:02:07.490203
寿司虎 新別府店 様,寿司虎新別府店,店舗名,2025-07-28T05:58:39.275461
寿司虎 菊陽店 様,寿司虎菊陽店,店舗名,2025-07-28T05:58:24.899129
寿司虎 都城店 様,寿司虎都城店,店舗名,2025-07-28T05:58:36.285542
寿司虎 鹿屋店 様,寿司虎鹿屋店,店舗名,2025-07-28T05:58:38.735810
寿司虎 麻生田本店 様,寿司虎麻生田本店,店舗名,2025-07-28T05:58:44.147495
廻る寿し 祭り 応神店,廻る寿し祭り応神店,店舗名,2025-07-28T05:06:02.651588
廻る寿し祭り応神店,廻る寿し祭り応神店,店舗名,2025-07-28T04:55:19.120623
廻鮮寿司 吉恒,回転寿司吉恒,店舗名,2025-07-28T05:49:14.594450
彩炉 清水店,彩炉清水店,店舗名,2025-07-28T05:04:56.071771
徳寿 平岡店,徳寿平岡店,店舗名,2025-07-28T05:05:19.969749
徳寿平岡店,徳寿平岡店,店舗名,2025-07-28T04:55:08.895916
恭楽亭,恭楽亭,店舗名,2025-07-28T04:11:21.073538
戸隠そば 草薙店,戸隠そば草薙店,店舗名,2025-07-28T05:06:07.067245
挽き肉のトリコ 渋谷店,挽き肉のトリコ渋谷店,店舗名,2025-07-28T05:05:48.564952
挽き肉のトリコ 渋谷店 様,挽き肉のトリコ渋谷店,店舗名,2025-07-28T05:58:56.622971
日本旅行TiS大阪支店,日本旅行TIS大阪支店,店舗名,2025-07-28T04:55:17.553418
日本旅行TiS富山支店,日本旅行TIS富山支店,店舗名,2025-07-28T04:55:13.466201
日本旅行TiS金沢支店,日本旅行TIS金沢支店,店舗名,2025-07-28T04:55:14.106774
来来亭 山口湯田店,来来亭山口湯田店,店舗名,2025-07-28T05:49:21.203123
株式会社 EPARKライフスタイル,EPARKライフスタイル,店舗名,2025-07-28T05:05:13.321917
株式会社 EPG,EPG,店舗名,2025-07-28T05:05:32.080964
椿屋カフェ北千住マルイ店,椿屋カフェ北千住マルイ店,店舗名,2025-07-28T04:55:07.859197
椿屋珈琲 上野茶廊,椿屋珈琲上野茶廊,店舗名,2025-07-28T05:04:35.592767
椿屋茶房丸ビル店様分,椿屋茶房丸ビル,店舗名,2025-07-28T05:02:07.058015
欧風食堂 バンデ ミュール,欧風食堂バンデミュール,店舗名,2025-07-28T05:05:34.822803
欧風食堂 バンデ ミュール スタッフ,欧風食堂バンデミュール,店舗名,2025-07-28T05:06:21.871544
欧風食堂バンデミュール,欧風食堂バンデミュール,店舗名,2025-07-28T04:55:14.640199
江ざわ,江ざわ,店舗名,2025-07-28T04:11:15.951920
江戸前回転鮨 弥一 岩出店,江戸前回転鮨弥一岩出店,店舗名,2025-07-28T05:05:29.055329
江戸前回転鮨 弥一 紀ノ川店,江戸前回転鮨弥一紀ノ川店,店舗名,2025-07-28T05:04:48.932732
江戸前回転鮨弥一堺中央,江戸前回転鮨弥一堺中央,店舗名,2025-07-28T05:02:10.149525
江戸前回転鮨弥一阪急う,江戸前回転鮨弥一阪急う,店舗名,2025-07-28T05:02:05.218941
江戸蕎麦にのの,江戸蕎麦にのの,店舗名,2025-07-28T04:11:28.572341
河童ラーメン本舗 八尾店,河童ラーメン八尾店,店舗名,2025-07-28T05:05:47.293623
河童ラーメン本舗 和泉店,河童ラーメン和泉店,店舗名,2025-07-28T05:05:46.770367
河童ラーメン本舗 守口店,河童ラーメン本舗守口店,店舗名,2025-07-28T05:05:59.284078
河童ラーメン本舗 泉佐野店,河童ラーメン本舗泉佐野店,店舗名,2025-07-28T05:05:46.267301
河童ラーメン本舗 香芝店,河童ラーメン本舗香芝店,店舗名,2025-07-28T05:05:58.646592
河童ラーメン本舗和泉店,河童ラーメン本舗和泉店,店舗名,2025-07-28T04:55:15.965973
河童ラーメン本舗泉佐野店,河童ラーメン本舗泉佐野店,店舗名,2025-07-28T04:55:18.464487
河童ラーメン本舗香芝店,河童ラーメン本舗香芝店,店舗名,2025-07-28T04:55:19.798419
沼津魚がし鮨 下土狩店,沼津魚がし鮨下土狩店,店舗名,2025-07-28T05:04:34.427888
活魚寿司 鶴原店,活魚寿司鶴原店,店舗名,2025-07-28T05:05:30.080527
活魚寿司鶴原店,活魚寿司鶴原店,店舗名,2025-07-28T04:11:16.529049
海人料理 海邦丸,海人料理海邦丸,店舗名,2025-07-28T05:05:42.360297
海人料理海邦丸,海人料理海邦丸,店舗名,2025-07-30T03:50:45.248269
湘南パンケーキ 所沢店,湘南パンケーキ所沢店,店舗名,2025-07-28T05:49:10.917461
濱かつ みらい長崎店,濱かつみらい長崎店,店舗名,2025-07-28T05:49:25.370657
濱かつ アミュプラザ長崎店 様,濱かつアミュプラザ長崎店,店舗名,2025-07-28T05:58:31.126458
濱かつ 福岡松崎店,濱かつ福岡松崎店,店舗名,2025-07-28T05:06:17.371301
濵かつ みらい長崎店 様,濱かつみらい長崎店,店舗名,2025-07-28T05:58:21.695678
濵かつ 時津店 様,濱かつ時津店,店舗名,2025-07-28T05:58:19.412608
濵かつ 貝津店 様,濱かつ貝津店,店舗名,2025-07-28T05:58:18.975984
濵かつ福岡小田部店様分,濱かつ福岡小田部店,店舗名,2025-07-28T05:02:09.557570
瀬戸の祭り寿し 兵庫町店,瀬戸の祭り寿し兵庫町店,店舗名,2025-07-28T05:06:03.551217
炭火焼肉屋さかい 岩出店,炭火焼肉屋さかい岩出店,店舗名,2025-07-28T05:49:24.827514
炭火焼肉屋さかい 御坊店,炭火焼肉屋さかい御坊店,店舗名,2025-07-28T05:49:23.279108
炭火焼肉屋さかい 新宮店,炭火焼肉屋さかい新宮店,店舗名,2025-07-28T05:49:23.859610
炭火焼肉屋さかい 田辺店,炭火焼肉屋さかい田辺店,店舗名,2025-07-28T05:49:29.205121
炭火焼肉屋さかい岩出店,炭火焼肉屋さかい 岩出店,店舗名,2025-07-28T04:11:06.235237
炭火焼肉屋さかい御坊店,炭火焼肉屋さかい御坊店,店舗名,2025-07-28T04:55:09.405856
炭火焼肉屋さかい新宮店,炭火焼肉屋さかい新宮店,店舗名,2025-07-28T04:55:10.749460
炭火焼肉屋さかい田辺店,炭火焼肉屋さかい田辺店,店舗名,2025-07-28T04:55:10.192722
焼肉 丸惠 松縄店,焼肉 丸惠 松縄店,店舗名,2025-07-28T05:05:02.901962
焼肉 丸惠 松縄店 様,焼肉丸惠松縄店,店舗名,2025-07-28T05:58:28.919627
焼肉あぐり 朝日庵 様,焼肉あぐり朝日庵,店舗名,2025-07-28T05:58:46.740905
焼肉おもに亭ララテラス南千住店,焼肉おもに亭ララテラス南千住店,店舗名,2025-07-28T05:49:20.734353
焼肉きんぐ 別府店,焼肉キング別府店,店舗名,2025-07-28T05:05:08.438360
焼肉きんぐ 別府店 様,焼肉きんぐ別府店,店舗名,2025-07-28T05:58:34.117845
焼肉きんぐ 吉田店,焼肉キング吉田店,店舗名,2025-07-28T05:04:58.995363
焼肉きんぐ 吉田店 様,焼肉キング吉田店,店舗名,2025-07-28T05:58:58.268671
焼肉きんぐ 大阪三津屋店,焼肉キング大阪三津屋店,店舗名,2025-07-28T05:04:50.460225
焼肉きんぐ 大阪三津屋店 様,焼肉きんぐ大阪三津屋店,店舗名,2025-07-28T05:58:30.329129
焼肉きんぐ 広島井口店,焼肉キング広島井口店,店舗名,2025-07-28T05:05:24.208591
焼肉きんぐ 広島緑井店,焼肉キング広島緑井店,店舗名,2025-07-28T05:04:52.773063
焼肉きんぐ 我孫子店,焼肉キング我孫子店,店舗名,2025-07-28T05:04:49.478937
焼肉きんぐ 熊本はません店,焼肉キング熊本浜村店,店舗名,2025-07-28T05:04:53.269629
焼肉きんぐ 盛岡盛南店,焼肉キング盛岡盛南店,店舗名,2025-07-28T05:05:05.076514
焼肉きんぐ 盛岡盛南店 様,焼肉きんぐ盛南店,店舗名,2025-07-28T05:58:46.125823
焼肉きんぐ 砺波店,焼肉キング砺波店,店舗名,2025-07-28T05:05:06.747576
焼肉きんぐ 砺波店 様,焼肉きんぐ砺波店,店舗名,2025-07-28T05:58:53.109050
焼肉きんぐ 福山御幸店,焼肉キング福山御幸店,店舗名,2025-07-28T05:05:09.235414
焼肉きんぐ 福山御幸店 様,焼肉きんぐ福山御幸店,店舗名,2025-07-28T05:58:36.825595
焼肉きんぐ 福山王子店,焼肉キング福山王子店,店舗名,2025-07-28T05:05:07.830001
焼肉きんぐ 福山王子店 様,焼肉きんぐ福山王子店,店舗名,2025-07-28T05:58:33.560842
焼肉きんぐ 福岡千早店,焼肉キング福岡千早店,店舗名,2025-07-28T05:04:57.929314
焼肉きんぐ 福岡千早店 様,焼肉きんぐ千早,店舗名,2025-07-28T05:58:32.183523
焼肉きんぐ 福岡原店,焼肉キング福岡原店,店舗名,2025-07-28T05:04:58.498896
焼肉きんぐ 福岡原店 様,焼肉きんぐ福岡原店,店舗名,2025-07-28T05:58:42.128502
焼肉きんぐ 苫小牧店,焼肉キング苫小牧店,店舗名,2025-07-28T05:05:09.701384
焼肉きんぐ 苫小牧店 様,焼肉きんぐ苫小牧店,店舗名,2025-07-28T05:58:34.585391
焼肉きんぐ 蒲郡店,焼肉キング蒲郡店,店舗名,2025-07-28T05:05:06.225760
焼肉きんぐ 蒲郡店 様,焼肉きんぐ蒲郡店,店舗名,2025-07-28T05:58:42.584418
焼肉きんぐ 西条店,焼肉キング西条店,店舗名,2025-07-28T05:05:10.128237
焼肉きんぐ 西条店 様,焼肉きんぐ西条店,店舗名,2025-07-28T05:58:43.031396
焼肉きんぐ 豊山店,焼肉きんぐ豊山店,店舗名,2025-07-28T05:49:20.204677
焼肉きんぐ 那覇久茂地店,焼肉キング那覇久茂地店,店舗名,2025-07-28T05:04:59.557525
焼肉きんぐ 那覇久茂地店 様,焼肉きんぐ久茂地店,店舗名,2025-07-28T05:58:51.424345
焼肉きんぐ 鹿児島宇宿店,焼肉キング鹿児島宇宿店,店舗名,2025-07-28T05:05:05.782335
焼肉きんぐ 鹿児島宇宿店 様,焼肉きんぐ宇宿,店舗名,2025-07-28T05:58:32.856023
焼肉きんぐ 鹿屋バイパス店,焼肉キング鹿屋バイパス店,店舗名,2025-07-28T05:05:07.327917
焼肉きんぐ 鹿屋バイパス店 様,焼肉キング鹿屋バイパス店,店舗名,2025-07-28T05:58:50.925716
焼肉きんぐ三鷹野崎店様,焼肉キング三鷹野崎店,店舗名,2025-07-28T05:02:09.066591
焼肉きんぐ和歌山岩出店,焼肉キング和歌山岩出店,店舗名,2025-07-28T05:02:17.910156
焼肉きんぐ新潟河渡店様,焼肉キング新潟河渡店,店舗名,2025-07-28T05:02:15.767080
焼肉きんぐ秋田広面店様,焼肉キング秋田広面店,店舗名,2025-07-28T05:02:11.346676
焼肉さんあい 志木南口店,焼肉さんあい志木南口店,店舗名,2025-07-28T05:04:54.347904
焼肉の名門天壇北山店様,焼肉の名門天壇北山,店舗名,2025-07-28T05:02:03.939570
焼肉トラジ イオンモール幕張新都心店,焼肉トラジイオンモール幕張新都心店,店舗名,2025-07-28T05:06:12.882968
焼肉仔虎 エスパル仙台店,焼肉仔虎エスパル仙台店,店舗名,2025-07-28T05:05:26.313891
焼肉仔虎 エスパル仙台店 様,焼肉仔虎エスパル仙台店,店舗名,2025-07-28T05:58:43.507167
焼肉冷麺やまなか家 雫石店,焼肉冷麺やまなか家雫石店,店舗名,2025-07-28T05:04:42.450993
田所商店多摩ニュータウン店,田所商店多摩ニュータウン店,店舗名,2025-07-30T03:50:56.965311
石焼ステーキ贅 県央店 様,石焼ステーキ贅県央店,店舗名,2025-07-28T05:58:59.449244
石焼ステーキ贅富山高岡店,石焼ステーキ贅富山高岡店,店舗名,2025-07-30T03:50:48.779786
石焼ステーキ贅石川小松店,石焼ステーキ贅石川小松店,店舗名,2025-07-30T03:50:43.044102
神戸クックワールドビュッフェ ライフガーデン水巻店,神戸クックワールドビュッフェライフガーデン水巻店,店舗名,2025-07-28T05:05:34.229270
神戸クックワールドビュッフェ 久留米店,神戸クックワールドビュッフェ久留米店,店舗名,2025-07-28T05:06:13.481454
築地食堂源ちゃん マークイズみなとみらい店,築地食堂源ちゃんマークイズみなとみらい店,店舗名,2025-07-28T05:06:14.073781
築地食堂源ちゃん マークイズみなとみらい店 様,築地食堂源ちゃんマークイズみなとみらい店,店舗名,2025-07-28T05:58:35.675501
精肉とり焼 新家,精肉とり焼新家,店舗名,2025-07-28T05:04:39.030534
群馬を握る、まぐろ問屋いちもん 高崎新保店,群馬を握る、まぐろ問屋いちもん高崎新保店,店舗名,2025-07-28T05:04:55.044176
肉米 雄一飯店,肉米雄一飯店,店舗名,2025-07-28T05:05:40.748776
肉米雄一飯店,肉米雄一飯店,店舗名,2025-07-28T04:11:26.873682
芯せかい エミフルMASAKI店,芯せかい エミフルMASAKI店,店舗名,2025-07-28T05:49:16.478890
赤から 東静岡駅南店 様,赤から東静岡駅南店,店舗名,2025-07-28T05:58:21.222136
道頓堀みつる 本店,道頓堀みつる本店,店舗名,2025-07-28T05:49:17.930144
金星パスタ くずはモール店,金星パスタくずはモール店,店舗名,2025-07-28T05:05:15.566160
金星パスタ くずはモール店 様,金星パスタくずはモール店,店舗名,2025-07-28T05:58:18.528090
鎌倉パスタ なかもず店,鎌倉パスタなかもず店,店舗名,2025-07-28T05:49:19.610371
鎌倉パスタ なかもず店 様,鎌倉パスタなかもず店,店舗名,2025-07-28T05:58:37.525323
鎌倉パスタ イオンモール伊丹店,鎌倉パスタイオンモール伊丹店,店舗名,2025-07-28T05:49:21.787429
鎌倉パスタ イオンモール伊丹店 様,鎌倉パスタイオンモール伊丹店,店舗名,2025-07-28T05:58:20.127943
鎌倉パスタ 京都伏見店,鎌倉パスタ伏見,店舗名,2025-07-28T05:49:19.110265
鎌倉パスタ 京都伏見店 様,鎌倉パスタ京都伏見店,店舗名,2025-07-28T05:58:57.809517
鎌倉パスタ 名古屋パルコ店,鎌倉パスタ名古屋パルコ店,店舗名,2025-07-28T05:49:29.673753
鎌倉パスタ 名古屋パルコ店 様,鎌倉パスタ名古屋パルコ店,店舗名,2025-07-28T05:58:22.699749
鎌倉パスタなかもず店様,鎌倉パスタなかもず店,店舗名,2025-07-28T05:02:18.442274
餃子の王将 国道171号店,餃子の王将国道171号店,店舗名,2025-07-28T05:05:28.550925
餃子の王将 尼宝線寺本店,餃子の王将尼宝線寺本店,店舗名,2025-07-28T05:05:11.317213
餃子の王将 尼宝線寺本店 様,餃子の王将尼宝線寺本,店舗名,2025-07-28T05:58:44.673742
餃子の王将 新開地店,餃子の王将新開地店,店舗名,2025-07-28T05:05:11.857291
餃子の王将 新開地店 様,餃子の王将新開地店,店舗名,2025-07-28T05:58:47.304905
餃子の王将 枚方店,餃子の王将枚方店,店舗名,2025-07-28T05:05:10.679227
餃子の王将 枚方店 様,餃子の王将枚方店,店舗名,2025-07-28T05:58:39.777983
餃子の王将 武蔵境駅前店,餃子の王将武蔵境駅前,店舗名,2025-07-28T05:05:12.427576
餃子の王将 武蔵境駅前店 様,餃子の王将武蔵境駅前店,店舗名,2025-07-28T05:58:26.053112
餃子の王将 西宮北口店,餃子の王将 西宮北口店,店舗名,2025-07-28T05:05:04.057527
餃子の王将 長久手店,餃子の王将長久手店,店舗名,2025-07-28T05:05:31.110006
餃子の王将池袋東口店,餃子の王将池袋東口店,店舗名,2025-07-30T03:50:50.825722
餃子の王将羽村小作坂上店,餃子の王将羽村小作坂上店,店舗名,2025-07-30T03:50:53.093697
魚屋路 横浜十日市場店,魚屋路横浜十日市場店,店舗名,2025-07-28T05:04:32.578361
魚魚丸 津島店 様,魚魚丸津島店,店舗名,2025-07-28T05:58:16.336716
鰻萬,鰻萬,店舗名,2025-07-28T05:04:47.735060
麺場 田所商店 イオンモール岡崎店,麺場田所商店イオンモール岡崎店,店舗名,2025-07-28T05:05:43.010905
麺場 田所商店 イオンモール岡崎店 様,麺場田所商店岡崎イオン店,店舗名,2025-07-28T05:58:55.481111
麺場 田所商店 千葉北店,麺場田所商店千葉北店,店舗名,2025-07-28T05:05:45.720218
麺場 田所商店 堺鳳店,麺場田所商店堺鳳店,店舗名,2025-07-28T05:05:43.659363
麺場 田所商店 大東店,麺場田所商店大東店,店舗名,2025-07-28T05:05:44.562605
麺場 田所商店 宮崎店,麺場田所商店宮崎店,店舗名,2025-07-28T05:05:44.106299
麺場 田所商店 宮崎店 様,田所商店宮崎店,店舗名,2025-07-28T05:59:00.457477
麺場 田所商店 霧島国分店,麺場田所商店霧島国分店,店舗名,2025-07-28T05:05:45.159185
麺場 田所商店 霧島国分店 様,麺場田所霧島国分店,店舗名,2025-07-28T05:58:56.011026
麺場田所商店イオンモール岡崎店,麺場田所商店イオンモール岡崎店,店舗名,2025-07-30T03:50:46.529107
麺場田所商店千葉北店,麺場田所商店 千葉北店,店舗名,2025-07-28T04:11:36.659904
麺場田所商店堺鳳店,麺場田所商店堺鳳店,店舗名,2025-07-30T03:50:47.753075
麺場田所商店大東店,麺場田所商店大東店,店舗名,2025-07-30T03:50:49.264060
麺場田所商店本郷台店,麺場田所商店本郷台店,店舗名,2025-07-30T03:50:55.943087
麺場田所商店福山神辺店,麺場田所商店福山神辺店,店舗名,2025-07-30T03:50:55.427967
,nan,店舗名,2025-07-30T05:39:56.096271
nan,nan,店舗名,2025-07-30T06:13:17.609533
BostonsCAFE石窯ダイニング古河店,BOSTONSCAFE石窯ダイニング古河店,店舗名,2025-07-30T07:27:03.882230
イルキャンティビチェ,イルキャンティビチェ,店舗名,2025-07-30T07:27:04.690712
ツリストジャパン近江八幡店,ツリストジャパン近江八幡店,店舗名,2025-07-30T07:27:05.511460
マショマショマショチキン葛西店,マショマショマショチキン葛西店,店舗名,2025-07-30T07:27:06.639259
大戸屋ごはん処ベルモル宇都宮店,大戸屋ごはん処ベルモル宇都宮店,店舗名,2025-07-30T07:27:07.288537
地元のお寿司屋黒潮,ジモトオスシヤクロシオ,店舗名,2025-07-30T07:27:07.965986
欧風食堂バンデミュル,オウフウショクドウバンデミュル,店舗名,2025-07-30T07:27:08.786149
河童ラメン本舗和泉店,KAPPARAMENHONPOIZUMI店,店舗名,2025-07-30T07:27:09.506740
京都北白川ラメン魁力屋瑞穂店,キョウトキタシラカワラメンラクリキヤミズホテン,店舗名,2025-07-30T07:27:10.525012
河童ラメン本舗泉佐野店,カッパラーメンホンポイズミサノテン,店舗名,2025-07-30T07:27:11.145001
河童ラメン本舗香芝店,カッパラーメンホンポカシバテン,店舗名,2025-07-30T07:27:12.791293
かつくらくずはモル店,カツクラクズハモルテン,店舗名,2025-07-30T07:31:33.919495
家族亭ならファミリ店分,家族亭,店舗名,2025-07-30T07:31:34.588065
丸源ラメン鹿児島新栄店,丸源ラーメン鹿児島新栄店,店舗名,2025-07-30T07:31:35.281229
焼肉の名門天壇北山店,焼肉の名門天壇北山店,店舗名,2025-07-30T07:31:36.271164
丸源ラメン豊田若林店分,丸源ラーメン豊田若林店,店舗名,2025-07-30T07:31:37.115170
丸源ラメン草加店分,マルゲンラーメンソウカテン,店舗名,2025-07-30T07:31:39.290391
椿屋茶房丸ビル店分,椿屋茶房丸ビル店,店舗名,2025-07-30T07:31:39.815609
家族亭アリオ北砂店分,家族亭アリオ北砂店,店舗名,2025-07-30T07:31:40.362484
ぼて六甲店分,ボテロッコクテンブ,店舗名,2025-07-30T07:31:41.073806
丸源ラメン練馬関町店分,丸源ラーメン練馬関町店,店舗名,2025-07-30T07:31:41.689106
焼肉きんぐ三鷹野崎店,焼肉きんぐ三鷹野崎店,店舗名,2025-07-30T07:31:42.304161
濵かつ福岡小田部店分,濵かつ福岡小田部店,店舗名,2025-07-30T07:31:42.813875
加東市役所税務課分,加東市役所税務課分,店舗名,2025-07-30T07:31:43.537292
焼肉きんぐ秋田広面店,焼肉きんぐ秋田広面店,店舗名,2025-07-30T07:31:44.143946
丸源ラメン福山引野店分,丸源ラーメン福山引野店,店舗名,2025-07-30T07:31:45.794439
丸源ラメン所沢北野店分,マルゲンラーメン所沢北野店,店舗名,2025-07-30T07:31:46.497407
ステキランド神戸館分,ステキランド神戸館分店,店舗名,2025-07-30T07:31:47.163282
グリルキャンプ新潟店分,グリルキャンプ新潟店,店舗名,2025-07-30T07:31:47.734630
丸源ラメン小平店分,マルゲンラーメンコダイラテン,店舗名,2025-07-30T07:31:48.231926
丸源ラメン君津店分,マルゲンラーメン君津店,店舗名,2025-07-30T07:31:48.855507
丸源ラメン一宮バイパス店,マルゲンラーメン一宮バイパス店,店舗名,2025-07-30T07:31:49.785287
焼肉きんぐ新潟河渡店,焼肉きんぐ新潟河渡店,店舗名,2025-07-30T07:31:50.498612
ヒロコヒ箕面小野原店分,ヒロコヒ箕面小野原店,店舗名,2025-07-30T07:31:51.114478
ダッキダック池袋アルパ店,ダッキダック池袋アルパ店,店舗名,2025-07-30T07:31:51.835171
鎌倉パスタなかもず店,鎌倉パスタナカモズテン,店舗名,2025-07-30T07:31:52.365596
麺場田所商店守口店,麺場田所商店守口店,店舗名,2025-07-30T07:36:24.216915
回転寿司新竹ベイタワ店,カイテンスシシンチクベイタワテン,店舗名,2025-07-30T07:36:25.196640
葉山鳥ぎん本店,ハヤマトリギンホンテン,店舗名,2025-07-30T07:36:25.708624
plusDBARBERS,PLUSDBARBERS,店舗名,2025-07-30T07:36:26.159433
焼肉まるふく,焼肉まるふく,店舗名,2025-07-30T07:36:26.662115
Forneeds,FORNEEDS,店舗名,2025-07-30T07:36:27.496212
南大門大館店,南大門大館店,店舗名,2025-07-30T07:38:11.611285
魚屋路横浜十日市場店,魚屋路横浜十日市場店,店舗名,2025-07-30T07:38:12.252484
はまかつ熊本新空港通り店,はまかつ熊本新空港通り店,店舗名,2025-07-30T07:38:12.915007
沼津魚がし鮨下土狩店,沼津魚がし鮨下土狩店,店舗名,2025-07-30T07:38:13.489459
8番らめん小松店,8バンラーメンコマツテン,店舗名,2025-07-30T07:38:14.198032
椿屋珈琲上野茶廊,椿屋珈琲上野茶廊,店舗名,2025-07-30T07:38:14.766637
まつりや十勝音更店,まつりやとしかおんこうてん,店舗名,2025-07-30T07:38:15.938116
ダッキダック有楽町店,ダッキダックユウラクチョウテン,店舗名,2025-07-30T07:38:16.763134
じゅうじゅうカルビ長崎三芳店,じゅうじゅうカルビ長崎三芳店,店舗名,2025-07-30T07:38:18.904189
ビストロティガボンボン池袋サンシャイン店,ビストロティガボンボン池袋サンシャイン店,店舗名,2025-07-30T07:38:19.476283
ららぽとEXPOCITYオペレションセンタ,ららぽとEXPOCITYオペレーションセンタ,店舗名,2025-07-30T07:38:20.137137
精肉とり焼新家,セイニクトリヤキシンヤ,店舗名,2025-07-30T07:38:20.860272
スパカット立川南口店,スパカット立川南口店,店舗名,2025-07-30T07:38:21.439628
しゃぶしゃぶブッフェしゃぶ葉上福岡店,しゃぶしゃぶブッフェしゃぶ葉上福岡店,店舗名,2025-07-30T07:38:22.078997
初花本店,ハツハナホンテン,店舗名,2025-07-30T07:38:22.798128
回転寿司みさき海鮮三崎港新宿イスト,回転寿司みさき海鮮三崎港新宿イスト,店舗名,2025-07-30T07:38:23.418906
ダッキダック船橋東武店,ダッキダック船橋東武店,店舗名,2025-07-30T07:38:23.924131
焼肉冷麺やまなか家雫石店,焼肉冷麺やまなか家雫石店,店舗名,2025-07-30T07:38:24.639351
はまかつ博多デイトス店,ハマカツハカタデイトス店,店舗名,2025-07-30T07:38:25.178838
くら寿司世田谷馬事公苑店,くら寿司世田谷馬事公苑店,店舗名,2025-07-30T07:38:25.792556
くら寿司江南店,くら寿司江南店,店舗名,2025-07-30T07:38:26.172123
くら寿司静岡インタ通り店,くら寿司静岡インタ通り店,店舗名,2025-07-30T07:38:30.253360
がってんカルビさいたま新中里店,がってんカルビさいたま新中里店,店舗名,2025-07-30T07:38:31.327429
Speedylor行田ドンキ店,SPEEDYLOR行田ドンキ店,店舗名,2025-07-30T07:38:31.717341
イタリアンダイニングDONAビンズ武蔵浦和店,イタリアンダイニングDONAビンズ武蔵浦和店,店舗名,2025-07-30T07:38:32.293918
江戸前回転鮨弥一紀ノ川店,エドマエカイテンスシヤイチキノカワテン,店舗名,2025-07-30T07:38:33.237928
焼肉きんぐ我孫子店,焼肉きんぐ我孫子店,店舗名,2025-07-30T07:38:33.712310
ららぽと沼津,ららぽと沼津店,店舗名,2025-07-30T07:38:34.346614
焼肉きんぐ大阪三津屋店,焼肉きんぐ大阪三津屋店,店舗名,2025-07-30T07:38:35.089454
サイゼリヤイオンモル大曲店,サイゼリヤイオンモール大曲店,店舗名,2025-07-30T07:38:36.110176
丸源ラメン柏新富町店,マルゲンラーメン柏新富町店,店舗名,2025-07-30T07:38:36.802350
南房総やまと寿司館山店本店,南房総やまと寿司館山店,店舗名,2025-07-30T07:38:37.461320
焼肉きんぐ広島緑井店,焼肉きんぐ広島緑井店,店舗名,2025-07-30T07:38:37.977939
焼肉きんぐ熊本はません店,焼肉きんぐ熊本はません店,店舗名,2025-07-30T07:38:38.878815
スパゲッ亭チャオアピタ向山店,スパゲッティチャオアピタムカイヤマテン,店舗名,2025-07-30T07:38:39.393873
焼肉あい志木南口店,焼肉あい志木南口店,店舗名,2025-07-30T07:38:39.898338
群馬を握るまぐろ問屋いちもん高崎新保店,群馬を握るまぐろ問屋いちもん高崎新保店,店舗名,2025-07-30T07:38:40.582452
つばめグリルホテルメッツ川崎店,ツバメグリルホテルメッツ川崎店,店舗名,2025-07-30T07:38:41.371021
彩炉清水店,サイロキヨミズテン,店舗名,2025-07-30T07:38:42.714719
いわ栄中庄本店,イワエイナカショウホンテン,店舗名,2025-07-30T07:38:43.270790
マルサ水産津島店,マルサ水産津島店,店舗名,2025-07-30T07:38:43.743426
焼肉きんぐ福岡千早店,焼肉きんぐ福岡千早店,店舗名,2025-07-30T07:38:44.714477
焼肉きんぐ福岡原店,焼肉きんぐ福岡原店,店舗名,2025-07-30T07:38:45.463430
焼肉きんぐ吉田店,焼肉きんぐ吉田店,店舗名,2025-07-30T07:38:48.565985
焼肉きんぐ那覇久茂地店,焼肉きんぐ那覇久茂地店,店舗名,2025-07-30T07:38:49.220906
くら寿司今川店,くら寿司今川店,店舗名,2025-07-30T07:38:49.838073
くら寿司精華町店,くら寿司精華町店,店舗名,2025-07-30T07:39:03.358611
くら寿司四日市店,くら寿司四日市店,店舗名,2025-07-30T07:39:04.063621
焼肉丸惠松縄店,焼肉丸惠松縄店,店舗名,2025-07-30T07:39:04.493525
餃子の王将西宮北口店,餃子の王将西宮北口店,店舗名,2025-07-30T07:39:05.097468
あみやき亭plus大垣インタ店,あみやきていplusおおがきインタ店,店舗名,2025-07-30T07:39:05.560899
焼肉きんぐ盛岡盛南店,焼肉きんぐ盛岡盛南店,店舗名,2025-07-30T07:39:06.227770
焼肉きんぐ鹿児島宇宿店,焼肉きんぐ鹿児島宇宿店,店舗名,2025-07-30T07:39:07.035059
焼肉きんぐ蒲郡店,焼肉きんぐ蒲郡店,店舗名,2025-07-30T07:39:08.672431
焼肉きんぐ砺波店,焼肉きんぐ砺波店,店舗名,2025-07-30T07:39:09.802577
焼肉きんぐ鹿屋バイパス店,焼肉きんぐ鹿屋バイパス店,店舗名,2025-07-30T07:39:10.433120
焼肉きんぐ福山王子店,焼肉きんぐ福山王子店,店舗名,2025-07-30T07:39:10.930846
焼肉きんぐ別府店,焼肉きんぐ別府店,店舗名,2025-07-30T07:39:11.422134
焼肉きんぐ福山御幸店,焼肉きんぐ福山御幸店,店舗名,2025-07-30T07:39:12.363906
焼肉きんぐ苫小牧店,焼肉きんぐ苫小牧店,店舗名,2025-07-30T07:39:12.979626
焼肉きんぐ西条店,焼肉きんぐ西条店,店舗名,2025-07-30T07:39:13.690100
餃子の王将枚方店,餃子の王将枚方店,店舗名,2025-07-30T07:39:14.354076
餃子の王将尼宝線寺本店,餃子の王将尼宝線寺本店,店舗名,2025-07-30T07:39:15.024533
餃子の王将新開地店,餃子の王将新開地店,店舗名,2025-07-30T07:39:15.744843
餃子の王将武蔵境駅前店,餃子の王将武蔵境駅前店,店舗名,2025-07-30T07:39:16.661617
丸源ラメン本郷台店,マルゲンラーメンホンゴウダイテン,店舗名,2025-07-30T07:39:17.887612
EPARKライフスタイル,EPARKライフスタイル,店舗名,2025-07-30T07:39:18.401404
丸源ラメン橿原店,マルゲンラーメン橿原店,店舗名,2025-07-30T07:39:19.121284
Weeatwheat,WEATWHEAT,店舗名,2025-07-30T07:39:19.742111
金星パスタくずはモル店,キンセイパスタクズハモルテン,店舗名,2025-07-30T07:39:20.346408
くら寿司芥川店,くら寿司芥川店,店舗名,2025-07-30T07:39:20.942632
くら寿司神戸有野店,くら寿司神戸有野店,店舗名,2025-07-30T07:39:21.559807
くら寿司江坂店,くら寿司江坂店,店舗名,2025-07-30T07:39:22.085750
くら寿司和歌山花山店,くら寿司和歌山花山店,店舗名,2025-07-30T07:39:22.564440
くら寿司尼崎下坂部店,くら寿司尼崎下坂部店,店舗名,2025-07-30T07:39:23.115836
ブンゴヤ薬局駅南店,ブンゴヤヤッキョクエキミナミテン,店舗名,2025-07-30T07:39:23.931639
ブンゴヤ薬局大道店,ブンゴヤ薬局大道店,店舗名,2025-07-30T07:39:24.446982
一般財団法人大阪建築防災センタ,イッパンザイダンホウダイオオサカケンチクボウサイセンター,店舗名,2025-07-30T07:39:25.060183
くら寿司寝屋川店,くら寿司寝屋川店,店舗名,2025-07-30T07:39:25.984670
イタリアンダイニングDONA中野坂上店,イタリアンダイニングDONA中野坂上店,店舗名,2025-07-30T07:39:26.590762
焼肉きんぐ広島井口店,焼肉きんぐ広島井口店,店舗名,2025-07-30T07:39:27.157586
ブンゴヤ薬局本店,ブンゴヤ薬局本店,店舗名,2025-07-30T07:39:27.718243
くら寿司西大路七条店,くら寿司西大路七条店,店舗名,2025-07-30T07:39:28.446359
焼肉仔虎エスパル仙台店,焼肉仔虎エスパル仙台店,店舗名,2025-07-30T07:39:29.052179
egggpark,EGGGPARK,店舗名,2025-07-30T07:39:29.493287
くら寿司西宮今津店,くら寿司西宮今津店,店舗名,2025-07-30T07:39:30.077086
餃子の王将国道171号店,餃子の王将国道171号店,店舗名,2025-07-30T07:39:30.797114
江戸前回転鮨弥一岩出店,エドマエカイテンズUSHIYAICHI IWADE TEN,店舗名,2025-07-30T07:39:32.435581
丸源ラメン高松上天神店,マルゲンラーメン高松上天神店,店舗名,2025-07-30T07:39:33.250163
ステキのあさくま春日井店,ステキノアサクマ春日井店,店舗名,2025-07-30T07:39:33.786834
餃子の王将長久手店,餃子の王将長久手店,店舗名,2025-07-30T07:39:34.382450
奥出雲そば処一福松江テルサ店,奥出雲そば処一福松江テルサ店,店舗名,2025-07-30T07:39:35.199725
EPG,EPG,店舗名,2025-07-30T07:39:35.706258
キッチンけなり,キッチンケナリ,店舗名,2025-07-30T07:39:36.429444
うなぎ林屋,うなぎ林屋,店舗名,2025-07-30T07:39:36.939849
そば処中野屋湯沢本店,そば処中野屋湯沢本店,店舗名,2025-07-30T07:39:37.445093
神戸クックワルドビュッフェライフガデン水巻店,神戸クックワルドビュッフェライフガーデン水巻店,店舗名,2025-07-30T07:39:38.167358
のうえんカフェグリンファム館山店,ノウエンカフェグリンファムカンヤマテン,店舗名,2025-07-30T07:39:38.885267
天下一品柏店,テンカイッピンカシワテン,店舗名,2025-07-30T07:39:39.481818
丸源ラメン掛尾店,丸源ラーメン掛尾店,店舗名,2025-07-30T07:39:40.009839
PRIMOルミネエスト新宿店,PRIMOLUMINEESTSHINJUKU店,店舗名,2025-07-30T07:39:40.594901
みやぎペリエ千葉店,ミヤギペリエチバテン,店舗名,2025-07-30T07:39:41.138366
かみむら牧場府中店,かみむら牧場府中店,店舗名,2025-07-30T07:39:41.745867
和食麺処サガミ津島埋田店,和食麺処サガミツシマウメダテン,店舗名,2025-07-30T07:39:42.284504
iLCHIANTICAFE江の島,ILCHIANTICAFEENOSHIMA,店舗名,2025-07-30T07:39:42.872502
でりかおんどる新大久保2号店,でりかおんどるしんおおくぼにごうてん,店舗名,2025-07-30T07:39:43.694439
麺場田所商店イオンモル岡崎店,メンバタドショウテンイオンモルオカザキテン,店舗名,2025-07-30T07:39:44.479285
麺場田所商店宮崎店,麺場田所商店宮崎店,店舗名,2025-07-30T07:39:45.241171
麺場田所商店霧島国分店,メンバタドショウテンキリシマコクブテン,店舗名,2025-07-30T07:39:46.053224
河童ラメン本舗八尾店,KAPPARAMENHONPOMHACHIOTEN,店舗名,2025-07-30T07:39:46.769774
挽き肉のトリコ渋谷店,挽き肉のトリコ渋谷店,店舗名,2025-07-30T07:39:47.793134
Manna新宿中村店,MANNA新宿中村店,店舗名,2025-07-30T07:39:48.605362
十勝豚丼いっぴんステラプレイス店,トカチトン丼イッピンステラプレイステン,店舗名,2025-07-30T07:39:49.426649
京都北白川ラメン魁力屋西大路西ノ京店,キョウトキタシラカワラメンカイリキヤニシオオジニシノキョウテン,店舗名,2025-07-30T07:39:50.376141
京都北白川ラメン魁力屋三鷹大沢店,キョウトキタシラカワラメンカイリキヤミタカオオサワテン,店舗名,2025-07-30T07:39:51.278190
京都北白川ラメン魁力屋堀川五条店,キョウトキタシラカワラメンラクリキヤホリカワゴジョウテン,店舗名,2025-07-30T07:39:52.402357
京都北白川ラメン魁力屋篠崎店,キョウトキタシラカワラメンカイリキヤシノザキテン,店舗名,2025-07-30T07:39:53.318797
京都北白川ラメン魁力屋朝比奈店,キョウトキタシラカワラメンラクリキヤアサヒナテン,店舗名,2025-07-30T07:39:54.045225
京都北白川ラメン魁力屋鴫野店,キョウトキタシラカワラメンカイリキヤシギノテン,店舗名,2025-07-30T07:39:54.860024
うなぎ傳米,うなぎ伝米,店舗名,2025-07-30T07:39:55.785655
河童ラメン本舗守口店,カッパラーメンホンポモリグチテン,店舗名,2025-07-30T07:39:56.499816
カルビ屋三夢稲田店,カルビヤサンム稲田店,店舗名,2025-07-30T07:39:57.167274
カルビ屋三夢中野店,カルビヤサンムチュウノテン,店舗名,2025-07-30T07:39:58.255143
カルビ屋三夢諏訪店,カルビヤサンムスワテン,店舗名,2025-07-30T07:39:58.863458
瀬戸の祭り寿し兵庫町店,瀬戸の祭り寿し兵庫町店,店舗名,2025-07-30T07:39:59.878104
8THSEAOYSTERBarGrill,8THSEAOYSTERBarGrill,店舗名,2025-07-30T07:40:00.487986
もんじゃお好み焼きわいず所沢店,モンジャオコノミヤキワイズ所沢店,店舗名,2025-07-30T07:40:02.100199
しゃぶしゃぶトンキュホテ,しゃぶしゃぶトンキュホテ,店舗名,2025-07-30T07:40:02.641965
戸隠そば草薙店,トガサキソバクサナギテン,店舗名,2025-07-30T07:40:03.355902
丸源ラメン市川大野店,マルゲンラーメンイチカワオオノテン,店舗名,2025-07-30T07:40:04.068876
丸源ラメン仙台泉店,マルゲンラーメン仙台泉店,店舗名,2025-07-30T07:40:04.515640
くら寿司西陣店,くら寿司西陣店,店舗名,2025-07-30T07:40:05.115240
丸源ラメン宇都宮御幸ヶ原店,丸源ラーメン宇都宮御幸ヶ原店,店舗名,2025-07-30T07:40:05.802517
くら寿司住之江北島店,くら寿司住之江北島店,店舗名,2025-07-30T07:40:06.201444
くら寿司豊川インタ店,くら寿司豊川インタ店,店舗名,2025-07-30T07:40:06.738965
ハンバグオニオン合川本店,ハンバーグオニオン合川本店,店舗名,2025-07-30T07:40:08.890700
ハンバグオニオン鳥栖店,ハンバーグオニオン鳥栖店,店舗名,2025-07-30T07:40:09.810039
ハンバグオニオン大和店,ハンバーグオニオン大和店,店舗名,2025-07-30T07:40:10.426021
天ぷら海鮮米福京都木屋町店,テンプレ海鮮米福京都木屋町店,店舗名,2025-07-30T07:40:10.941104
焼肉トラジイオンモル幕張新都心店,焼肉トラジイオンモル幕張新都心店,店舗名,2025-07-30T07:40:11.429280
神戸クックワルドビュッフェ久留米店,神戸クックワルドビュッフェ久留米店,店舗名,2025-07-30T07:40:12.059579
築地食堂源ちゃんマクイズみなとみらい店,築地食堂源ちゃんマクイズみなとみらい店,店舗名,2025-07-30T07:40:12.696498
丸源ラメンモラジュ菖蒲店,マルゲンラーメンモラジュ菖蒲店,店舗名,2025-07-30T07:40:13.765625
とんかつ水龍寒川店,トンカツ水龍寒川店,店舗名,2025-07-30T07:40:14.414414
とんかつKYK京都ポルタ店,トンカツKYK京都ポルタ店,店舗名,2025-07-30T07:40:15.026832
ダイニングバ美味旬菜,ダイニングバ美味旬菜,店舗名,2025-07-30T07:40:15.488098
濱かつ福岡松崎店,濱かつ福岡松崎店,店舗名,2025-07-30T07:40:16.074268
らめん専家羅妃焚江別店,ラーメン専家羅妃焚江別店,店舗名,2025-07-30T07:40:17.297796
中華そば芯せかい本店,中華そば芯せかい本店,店舗名,2025-07-30T07:40:17.895137
中華そば芯せかいエミフルMASAKI店,中華そば芯せかいエミフルMASAKI店,店舗名,2025-07-30T07:40:18.510485
株アルディシ熊谷支店経営企画部神辺,アルディシ熊谷支店,店舗名,2025-07-30T07:40:19.025987
欧風食堂バンデミュルスタッフ,オウフウショクドウバンデミュルスタッフ,店舗名,2025-07-30T07:40:19.641197
ギグワクス,ギグワクス店,店舗名,2025-07-30T07:40:20.255678
石焼ステキ贅石川小松店,イシヤキステキザイイシカワコマツテン,店舗名,2025-07-30T07:45:41.389303
丸源ラメン岸和田八阪店,丸源ラーメン岸和田八阪店,店舗名,2025-07-30T07:45:42.096446
石焼ステキ贅富山高岡店,イシヤキステキゼイトヤマタカオカテン,店舗名,2025-07-30T07:45:42.743397
田所商店多摩ニュタウン店,タドショウテンタマニュタウンテン,店舗名,2025-07-30T07:45:43.666704
スパ回転寿司やまと木更津店,スパ回転寿司ヤマトキサラズ店,店舗名,2025-07-30T07:45:44.256702
湘南パンケキ所沢店,SHONANPANKEKI所沢店,店舗名,2025-07-30T08:07:52.572156
医療法人社団三紀会木下病院,医療法人社団三紀会木下病院,店舗名,2025-07-30T08:07:53.221176
大戸屋ごはん処ベルモル宇都宮,オオトヤゴハンドコロベルモルウツノミヤ,店舗名,2025-07-30T08:07:53.902121
NONS丸井錦糸町店,NONS丸井錦糸町店,店舗名,2025-07-30T08:07:54.562267
元祖あんこう鍋山翠,元祖あんこう鍋山翠,店舗名,2025-07-30T08:07:55.077702
廻鮮寿司吉恒,廻鮮寿司吉恒,店舗名,2025-07-30T08:07:55.562572
ラメン専家羅妃焚江別店,ラーメン専家羅妃焚江別店,店舗名,2025-07-30T08:07:56.120347
ラメン専家羅妃焚イオン平岡,ラーメン専家ラフィタンイオン平岡店,店舗名,2025-07-30T08:07:56.658103
芯せかいエミフルMASAKI店,シンセカイエミフルマサキテン,店舗名,2025-07-30T08:07:57.184428
じゅうじゅうカルビ綱島店,じゅうじゅうカルビ綱島店,店舗名,2025-07-30T08:07:57.849641
ロイヤルホスト府中東店,ロイヤルホスト府中東店,店舗名,2025-07-30T08:07:58.321997
道頓堀みつる本店,ドウトンボリミツルホンテン,店舗名,2025-07-30T08:07:58.767095
鎌倉パスタ京都伏見店,鎌倉パスタ京都伏見店,店舗名,2025-07-30T08:07:59.275774
焼肉きんぐ豊山店,焼肉きんぐ豊山店,店舗名,2025-07-30T08:07:59.873991
来来亭山口湯田店,来来亭山口湯田店,店舗名,2025-07-30T08:08:00.268166
鎌倉パスタイオンモル伊丹店,鎌倉パスタイオンモール伊丹店,店舗名,2025-07-30T08:08:00.829554
世界の山ちゃん女子大店,セカイノヤマチャンジョシダイテン,店舗名,2025-07-30T08:08:01.380208
濱かつみらい長崎店,濱かつみらい長崎店,店舗名,2025-07-30T08:08:04.034601
回転寿司喜楽高槻大蔵司店,カイテンスシキラクタカツキオオクラジテン,店舗名,2025-07-30T08:08:04.675644
回転寿司喜楽高槻岡本店,回転寿司喜楽高槻岡本店,店舗名,2025-07-30T08:08:05.107594
回転寿司喜楽一文橋店,回転寿司喜楽一文橋店,店舗名,2025-07-30T08:08:05.910594
GGC前橋小相木店,GGC前橋小相木店,店舗名,2025-07-30T08:08:06.317541
鎌倉パスタ名古屋パルコ店,鎌倉パスタ名古屋パルコ店,店舗名,2025-07-30T08:08:06.895121
株サルン,サルン店,店舗名,2025-07-30T08:08:07.344457
魚魚丸津島店,魚魚丸津島店,店舗名,2025-07-30T08:10:01.911916
大阪市西淀川区役所住民情報窓口,大阪市西淀川区役所住民情報窓口,店舗名,2025-07-30T08:10:02.943510
コキヤ国際通り店,コキヤ国際通り店,店舗名,2025-07-30T08:10:03.438303
サイゼリヤ水沢あてるい店,サイゼリヤ水沢あてるい店,店舗名,2025-07-30T08:10:04.022144
濵かつ貝津店,濵かつ貝津店,店舗名,2025-07-30T08:10:04.553296
濵かつ時津店,濵かつ時津店,店舗名,2025-07-30T08:10:05.117934
アコディアガデン茅ヶ崎,アコディアガーデン茅ヶ崎,店舗名,2025-07-30T08:10:05.686872
赤から東静岡駅南店,赤から東静岡駅南店,店舗名,2025-07-30T08:10:06.167446
濵かつみらい長崎店,濵かつみらい長崎店,店舗名,2025-07-30T08:10:06.702768
天丼てんや東松山店,テンヤトウマツヤマテン,店舗名,2025-07-30T08:10:07.488488
ESPRESSODWORKS所沢店,ESPRESSODWORKS所沢店,店舗名,2025-07-30T08:10:07.939732
寿司虎菊陽店,スシトラキクヨウテン,店舗名,2025-07-30T08:10:08.582277
ごはん屋さくら,ゴハンヤサクラ,店舗名,2025-07-30T08:10:09.204167
濱かつアミュプラザ長崎店,濱かつアミュプラザ長崎店,店舗名,2025-07-30T08:10:10.221285
やよい軒銀座インズ店,ヤヨイケンギンザインズテン,店舗名,2025-07-30T08:10:10.804056
寿司虎都城店,寿司虎都城店,店舗名,2025-07-30T08:10:11.231742
寿司虎鹿屋店,スシトラカノヤテン,店舗名,2025-07-30T08:10:11.719770
寿司虎新別府店,スシトラシンベップテン,店舗名,2025-07-30T08:10:12.185172
寿司虎麻生田本店,ジュウシトラマソウダホンテン,店舗名,2025-07-30T08:10:13.395170
焼肉あぐり朝日庵,焼肉あぐり朝日庵,店舗名,2025-07-30T08:10:13.919691
石焼ステキ贅県央店,イシヤキステキゼイケンオウテン,店舗名,2025-07-30T08:10:14.589746
アンパンマンヘアサロン仙台,アンパンマンヘアサロン仙台,店舗名,2025-07-30T08:10:15.031156
アンパンマンヘアサロン神戸,アンパンマンヘアサロン神戸,店舗名,2025-07-30T08:10:16.634490
